  42,  51,  58,  257,  
  185,  255,  24,  186,  
  40,  41,  58,  254,  
  386,  435,  82,  113,  
  168,  184,  34,  176,  
  256,  278,  39,  172,  
  386,  420,  73,  81,  
  279,  357,  78,  117,  
  84,  102,  4,  73,  
  189,  189,  212,  269,  
  190,  206,  187,  246,  
  158,  167,  42,  168,  
  104,  112,  269,  296,  
  52,  59,  56,  169,  
  10,  39,  79,  143,  
  256,  271,  173,  177,  
  103,  110,  18,  71,  
  386,  415,  70,  72,  
  89,  91,  263,  292,  
  100,  102,  267,  295,  
  279,  291,  53,  77,  
  28,  39,  172,  229,  
  60,  96,  75,  147,  
  60,  67,  57,  74,  
  78,  83,  23,  74,  
  279,  289,  118,  160,  
  32,  39,  144,  171,  
  95,  99,  267,  294,  
  97,  99,  78,  143,  
  151,  157,  50,  160,  
  290,  294,  118,  153,  
  100,  102,  83,  138,  
  103,  109,  103,  119,  
  386,  398,  60,  69,  
  179,  184,  27,  33,  
  358,  385,  93,  104,  
  436,  450,  91,  105,  
  8,  9,  82,  140,  
  134,  150,  85,  125,  
  33,  39,  230,  242,  
  23,  39,  66,  78,  
  111,  115,  21,  68,  
  207,  211,  187,  235,  
  164,  167,  37,  41,  
  137,  141,  54,  84,  
  279,  284,  45,  52,  
  148,  150,  54,  84,  
  73,  74,  252,  285,  
  126,  136,  51,  76,  
  256,  261,  27,  38,  
  451,  455,  94,  102,  
  60,  68,  148,  164,  
  206,  234,  18,  23,  
  456,  459,  97,  100,  
  22,  31,  144,  155,  
  103,  104,  7,  17,  
  279,  280,  161,  170,  
  399,  405,  64,  69,  
  72,  77,  31,  74,  
  124,  125,  34,  75,  
  190,  198,  247,  259,  
  113,  128,  270,  297,  
  163,  164,  255,  287,  
  295,  299,  118,  145,  
  158,  160,  259,  289,  
  300,  301,  118,  140,  
  26,  27,  179,  221,  
  142,  147,  59,  84,  
  212,  215,  187,  223,  
  190,  205,  22,  23,  
  436,  440,  85,  90,  
  292,  293,  56,  77,  
  69,  85,  148,  156,  
  61,  62,  238,  277,  
  116,  117,  23,  66,  
  166,  167,  169,  175,  
  144,  150,  126,  150,  
  385,  388,  114,  139,  
  145,  146,  265,  294,  
  199,  200,  247,  256,  
  389,  399,  114,  133,  
  400,  410,  114,  127,  
  190,  191,  260,  267,  
  92,  93,  264,  293,  
  24,  25,  192,  209,  
  154,  155,  261,  291,  
  29,  39,  62,  65,  
  2,  7,  95,  126,  
  180,  184,  177,  184,  
  39,  39,  243,  253,  
  411,  417,  114,  123,  
  129,  137,  270,  296,  
  25,  25,  210,  217,  
  262,  263,  28,  38,  
  75,  77,  254,  286,  
  235,  243,  20,  23,  
  294,  295,  59,  77,  
  200,  205,  19,  21,  
  160,  163,  40,  41,  
  181,  184,  26,  26,  
  142,  143,  126,  147,  
  161,  162,  257,  288,  
  147,  149,  265,  293,  
  30,  32,  230,  235,  
  169,  170,  250,  284,  
  14,  21,  144,  148,  
  175,  176,  244,  280,  
  167,  168,  252,  285,  
  53,  53,  215,  270,  
  140,  142,  267,  295,  
  212,  213,  224,  230,  
  216,  236,  187,  192,  
  215,  225,  17,  17,  
  0,  1,  105,  117,  
  156,  157,  260,  290,  
  90,  96,  0,  3,  
  264,  275,  36,  38,  
  418,  424,  114,  119,  
  165,  166,  254,  286,  
  256,  260,  178,  184,  
  150,  152,  263,  292,  
  175,  178,  29,  33,  
  86,  87,  261,  291,  
  38,  38,  243,  251,  
  68,  71,  59,  74,  
  5,  7,  127,  134,  
  188,  188,  216,  270,  
  261,  265,  178,  181,  
  27,  28,  63,  65,  
  406,  410,  67,  69,  
  302,  305,  118,  129,  
  161,  165,  169,  171,  
  162,  165,  172,  172,  
  183,  184,  231,  274,  
  103,  108,  97,  102,  
  150,  150,  151,  159,  
  137,  141,  126,  135,  
  237,  250,  187,  188,  
  21,  22,  67,  78,  
  143,  144,  266,  294,  
  126,  126,  37,  50,  
  186,  186,  223,  272,  
  52,  57,  170,  173,  
  86,  88,  148,  154,  
  177,  178,  28,  28,  
  69,  79,  157,  160,  
  81,  84,  259,  289,  
  185,  185,  226,  273,  
  49,  51,  56,  57,  
  281,  286,  161,  164,  
  89,  93,  148,  150,  
  55,  56,  225,  272,  
  132,  133,  97,  113,  
  29,  31,  156,  159,  
  421,  423,  75,  81,  
  216,  217,  193,  211,  
  261,  262,  182,  183,  
  424,  428,  78,  81,  
  153,  153,  262,  291,  
  57,  57,  228,  273,  
  49,  52,  258,  266,  
  154,  157,  161,  164,  
  138,  139,  268,  295,  
  181,  181,  234,  276,  
  436,  444,  106,  108,  
  387,  392,  56,  59,  
  296,  301,  70,  77,  
  121,  121,  27,  72,  
  178,  179,  239,  278,  
  425,  430,  114,  116,  
  103,  104,  120,  135,  
  75,  77,  27,  30,  
  177,  179,  177,  182,  
  105,  105,  120,  133,  
  58,  58,  230,  274,  
  436,  437,  109,  112,  
  19,  21,  149,  152,  
  18,  20,  70,  78,  
  97,  98,  1,  3,  
  290,  291,  154,  157,  
  285,  286,  47,  52,  
  173,  173,  246,  282,  
  399,  400,  61,  63,  
  264,  268,  31,  35,  
  47,  48,  258,  263,  
  120,  120,  26,  71,  
  88,  88,  262,  291,  
  85,  85,  260,  290,  
  266,  268,  178,  179,  
  122,  122,  28,  73,  
  182,  182,  232,  275,  
  103,  104,  87,  96,  
  130,  137,  269,  269,  
  136,  136,  78,  84,  
  82,  83,  7,  16,  
  68,  69,  247,  282,  
  451,  451,  103,  104,  
  52,  54,  174,  181,  
  441,  445,  88,  90,  
  174,  174,  30,  33,  
  174,  174,  245,  281,  
  4,  4,  127,  132,  
  34,  37,  243,  244,  
  77,  77,  24,  26,  
  67,  67,  244,  281,  
  79,  80,  257,  288,  
  63,  63,  239,  278,  
  137,  138,  52,  53,  
  6,  7,  85,  94,  
  55,  56,  174,  175,  
  65,  66,  243,  280,  
  139,  141,  136,  140,  
  256,  258,  185,  185,  
  389,  393,  134,  136,  
  70,  71,  36,  53,  
  177,  177,  241,  279,  
  165,  165,  173,  174,  
  182,  184,  185,  185,  
  106,  107,  120,  127,  
  389,  390,  137,  138,  
  201,  201,  247,  254,  
  202,  204,  247,  250,  
  36,  39,  59,  61,  
  145,  149,  151,  152,  
  400,  401,  128,  132,  
  77,  78,  287,  287,  
  272,  272,  173,  176,  
  103,  104,  72,  73,  
  54,  54,  219,  271,  
  411,  412,  124,  126,  
  302,  304,  130,  132,  
  94,  96,  265,  266,  
  173,  176,  177,  180,  
  160,  160,  169,  170,  
  170,  172,  177,  178,  
  296,  299,  66,  69,  
  78,  78,  255,  286,  
  80,  82,  157,  158,  
  244,  247,  21,  23,  
  64,  64,  240,  279,  
  136,  136,  126,  132,  
  269,  271,  33,  35,  
  425,  426,  117,  118,  
  207,  208,  236,  242,  
  287,  287,  161,  162,  
  147,  149,  153,  155,  
  44,  46,  258,  260,  
  70,  71,  249,  283,  
  27,  28,  156,  158,  
  197,  199,  20,  21,  
  69,  74,  161,  162,  
  94,  94,  267,  293,  
  123,  123,  30,  74,  
  187,  187,  220,  271,  
  12,  17,  76,  78,  
  83,  83,  5,  6,  
  118,  118,  24,  65,  
  172,  172,  247,  282,  
  273,  274,  173,  175,  
  72,  72,  250,  284,  
  411,  412,  68,  69,  
  401,  402,  62,  63,  
  103,  103,  268,  295,  
  119,  119,  25,  69,  
  418,  421,  120,  121,  
  266,  267,  180,  180,  
  52,  52,  210,  257,  
  429,  433,  81,  81,  
  5,  5,  87,  94,  
  27,  27,  175,  178,  
  60,  60,  234,  276,  
  84,  95,  74,  74,  
  431,  432,  114,  115,  
  287,  287,  48,  52,  
  306,  307,  118,  120,  
  285,  285,  46,  46,  
  207,  207,  243,  244,  
  279,  280,  41,  44,  
  79,  83,  22,  22,  
  180,  180,  236,  277,  
  202,  203,  251,  251,  
  16,  17,  72,  75,  
  124,  124,  32,  33,  
  402,  404,  128,  130,  
  406,  407,  65,  66,  
  391,  392,  137,  137,  
  460,  461,  98,  99,  
  424,  425,  76,  77,  
  237,  245,  189,  190,  
  296,  296,  60,  65,  
  105,  105,  89,  96,  
  153,  157,  48,  49,  
  156,  157,  44,  47,  
  427,  428,  117,  117,  
  1,  1,  118,  123,  
  393,  393,  57,  59,  
  281,  281,  165,  169,  
  171,  171,  248,  283,  
  172,  173,  31,  33,  
  416,  417,  71,  72,  
  302,  302,  133,  138,  
  6,  7,  135,  136,  
  4,  4,  89,  94,  
  405,  406,  128,  129,  
  25,  25,  184,  191,  
  32,  32,  236,  240,  
  133,  133,  90,  96,  
  212,  212,  231,  233,  
  14,  15,  74,  75,  
  218,  229,  193,  193,  
  175,  176,  181,  181,  
  59,  59,  232,  275,  
  216,  216,  212,  218,  
  248,  250,  22,  23,  
  52,  52,  182,  191,  
  205,  205,  247,  248,  
  281,  283,  44,  44,  
  89,  89,  262,  262,  
  31,  31,  236,  237,  
  36,  37,  245,  248,  
  167,  167,  176,  176,  
  256,  259,  26,  26,  
  456,  457,  101,  101,  
  188,  189,  23,  23,  
  55,  55,  223,  224,  
  303,  303,  133,  135,  
  104,  106,  268,  268,  
  170,  170,  249,  249,  
  79,  79,  256,  256,  
  246,  248,  189,  189,  
  429,  430,  79,  80,  
  445,  448,  106,  106,  
  413,  413,  124,  125,  
  288,  289,  50,  52,  
  106,  107,  94,  96,  
  24,  26,  156,  156,  
  446,  448,  90,  90,  
  106,  106,  128,  130,  
  111,  112,  19,  20,  
  13,  13,  144,  146,  
  89,  89,  151,  153,  
  413,  413,  69,  69,  
  103,  103,  136,  137,  
  441,  443,  87,  87,  
  295,  295,  146,  152,  
  103,  103,  85,  86,  
  192,  193,  260,  265,  
  300,  300,  68,  69,  
  202,  202,  252,  253,  
  296,  296,  146,  150,  
  116,  116,  67,  67,  
  166,  166,  253,  253,  
  69,  71,  163,  163,  
  133,  133,  114,  121,  
  16,  18,  149,  150,  
  3,  3,  127,  130,  
  157,  157,  165,  167,  
  31,  31,  160,  160,  
  74,  74,  28,  30,  
  269,  270,  178,  178,  
  29,  29,  230,  232,  
  100,  100,  139,  141,  
  135,  135,  81,  84,  
  135,  135,  126,  130,  
  159,  159,  169,  169,  
  282,  284,  165,  166,  
  1,  1,  99,  104,  
  12,  12,  144,  145,  
  97,  97,  144,  145,  
  297,  298,  64,  65,  
  100,  101,  81,  82,  
  297,  297,  146,  148,  
  387,  388,  54,  55,  
  292,  292,  54,  55,  
  394,  397,  59,  59,  
  138,  138,  136,  138,  
  272,  272,  34,  35,  
  111,  112,  69,  70,  
  52,  52,  267,  269,  
  194,  195,  260,  262,  
  290,  290,  52,  52,  
  60,  61,  56,  56,  
  97,  97,  76,  77,  
  31,  31,  163,  171,  
  30,  30,  166,  171,  
  389,  390,  55,  55,  
  53,  53,  182,  185,  
  43,  48,  57,  57,  
  294,  294,  57,  58,  
  456,  456,  95,  96,  
  251,  253,  187,  187,  
  385,  385,  112,  113,  
  421,  421,  74,  74,  
  41,  41,  255,  256,  
  142,  142,  55,  58,  
  169,  171,  33,  33,  
  37,  37,  249,  249,  
  407,  408,  128,  128,  
  166,  167,  35,  36,  
  431,  431,  80,  80,  
  237,  241,  191,  191,  
  29,  29,  169,  171,  
  193,  196,  21,  21,  
  20,  20,  68,  69,  
  306,  306,  121,  125,  
  149,  150,  53,  53,  
  426,  426,  77,  77,  
  136,  137,  268,  268,  
  275,  275,  173,  174,  
  445,  446,  107,  107,  
  165,  165,  36,  36,  
  83,  83,  17,  18,  
  105,  107,  72,  72,  
  106,  106,  91,  93,  
  209,  209,  236,  240,  
  97,  98,  266,  266,  
  69,  69,  40,  49,  
  90,  92,  151,  151,  
  256,  257,  25,  25,  
  48,  48,  264,  264,  
  101,  101,  139,  140,  
  176,  176,  242,  243,  
  297,  297,  62,  63,  
  94,  95,  148,  148,  
  394,  395,  134,  135,  
  141,  141,  141,  145,  
  60,  63,  165,  165,  
  85,  89,  3,  3,  
  76,  76,  25,  26,  
  11,  11,  77,  78,  
  152,  152,  49,  49,  
  27,  27,  222,  226,  
  15,  15,  73,  73,  
  189,  189,  187,  189,  
  25,  26,  157,  157,  
  130,  133,  77,  77,  
  33,  35,  60,  61,  
  139,  140,  53,  53,  
  457,  458,  96,  96,  
  46,  46,  261,  262,  
  98,  98,  77,  77,  
  433,  433,  114,  114,  
  281,  281,  42,  43,  
  269,  269,  32,  32,  
  292,  292,  154,  156,  
  154,  155,  47,  47,  
  21,  21,  153,  154,  
  156,  156,  165,  166,  
  152,  152,  262,  262,  
  7,  7,  137,  138,  
  113,  113,  20,  20,  
  161,  163,  39,  39,  
  438,  439,  109,  111,  
  75,  76,  161,  161,  
  80,  81,  159,  159,  
  108,  108,  120,  124,  
  99,  101,  3,  3,  
  71,  71,  33,  35,  
  302,  303,  75,  77,  
  210,  210,  236,  238,  
  60,  60,  166,  167,  
  150,  150,  51,  52,  
  140,  140,  141,  143,  
  83,  84,  157,  157,  
  50,  51,  267,  267,  
  82,  83,  20,  21,  
  147,  147,  56,  58,  
  112,  112,  297,  297,  
  84,  84,  290,  290,  
  26,  26,  64,  65,  
  81,  81,  257,  258,  
  157,  157,  43,  43,  
  55,  55,  176,  178,  
  162,  162,  256,  256,  
  293,  293,  154,  155,  
  98,  98,  144,  144,  
  13,  13,  75,  75,  
  75,  75,  253,  253,  
  460,  460,  97,  97,  
  71,  71,  54,  56,  
  302,  302,  73,  74,  
  20,  20,  153,  153,  
  194,  194,  263,  264,  
  143,  143,  57,  58,  
  39,  39,  58,  58,  
  86,  87,  155,  155,  
  414,  415,  124,  124,  
  90,  91,  152,  152,  
  422,  422,  120,  120,  
  149,  149,  156,  158,  
  264,  265,  29,  30,  
  155,  155,  45,  46,  
  70,  70,  248,  248,  
  159,  160,  258,  258,  
  235,  239,  19,  19,  
  86,  89,  2,  2,  
  58,  58,  170,  171,  
  3,  3,  92,  94,  
  105,  107,  17,  17,  
  385,  386,  140,  140,  
  146,  146,  57,  58,  
  440,  441,  109,  110,  
  153,  153,  161,  163,  
  263,  263,  182,  182,  
  17,  17,  71,  71,  
  394,  395,  58,  58,  
  68,  70,  58,  58,  
  266,  266,  30,  30,  
  146,  146,  153,  153,  
  298,  298,  146,  146,  
  276,  277,  38,  38,  
  68,  68,  246,  246,  
  94,  94,  149,  149,  
  199,  199,  257,  257,  
  45,  45,  261,  261,  
  73,  73,  29,  30,  
  451,  453,  93,  93,  
  171,  171,  32,  32,  
  183,  184,  25,  25,  
  441,  441,  86,  86,  
  436,  436,  83,  84,  
  24,  25,  65,  65,  
  279,  279,  171,  171,  
  446,  446,  89,  89,  
  148,  149,  264,  264,  
  290,  290,  158,  159,  
  192,  192,  266,  266,  
  103,  103,  5,  6,  
  437,  438,  84,  84,  
  288,  288,  161,  161,  
  113,  113,  69,  69,  
  152,  152,  161,  162,  
  155,  155,  165,  165,  
  19,  19,  69,  69,  
  172,  172,  179,  179,  
  279,  279,  40,  40,  
  396,  397,  134,  134,  
  43,  43,  258,  258,  
  81,  81,  21,  21,  
  403,  403,  63,  63,  
  452,  453,  103,  103,  
  11,  11,  144,  144,  
  251,  252,  23,  23,  
  214,  214,  224,  226,  
  418,  419,  122,  122,  
  187,  188,  187,  187,  
  163,  163,  38,  38,  
  300,  300,  141,  142,  
  88,  89,  1,  1,  
  169,  169,  177,  177,  
  9,  9,  141,  141,  
  143,  143,  148,  148,  
  61,  61,  236,  237,  
  196,  197,  260,  260,  
  418,  418,  72,  72,  
  273,  273,  35,  35,  
  35,  35,  245,  246,  
  9,  9,  80,  81,  
  82,  82,  258,  258,  
  73,  73,  251,  251,  
  159,  159,  41,  41,  
  99,  100,  2,  2,  
  7,  7,  83,  84,  
  282,  282,  167,  168,  
  51,  51,  268,  268,  
  164,  164,  173,  173,  
  65,  65,  242,  242,  
  442,  442,  109,  109,  
  100,  100,  80,  80,  
  408,  408,  66,  66,  
  288,  288,  49,  49,  
  31,  32,  61,  61,  
  168,  168,  251,  251,  
  276,  276,  173,  173,  
  178,  179,  183,  183,  
  184,  184,  229,  230,  
  402,  403,  131,  131,  
  283,  283,  167,  167,  
  15,  15,  149,  149,  
  179,  179,  238,  238,  
  148,  148,  156,  156,  
  196,  196,  261,  261,  
  276,  276,  37,  37,  
  116,  116,  22,  22,  
  285,  285,  165,  165,  
  190,  190,  268,  268,  
  18,  18,  151,  151,  
  451,  451,  92,  92,  
  282,  282,  43,  43,  
